<?xml version="1.0" encoding="UTF-8"?>
<mesh>
    <sharedgeometry vertexcount="4">
        <vertexbuffer colours_diffuse="False" positions="true" texture_coords="1" normals="true">
            <vertex>
                <position y="-0.050000" x="-0.050000" z="0.000000"/>
                <normal y="0.000000" x="0.000000" z="1.000000"/>
                <texcoord u="0.000100" v="0.999900"/>
            </vertex>
            <vertex>
                <position y="-0.050000" x="0.050000" z="0.000000"/>
                <normal y="0.000000" x="0.000000" z="1.000000"/>
                <texcoord u="0.999900" v="0.999900"/>
            </vertex>
            <vertex>
                <position y="0.050000" x="0.050000" z="0.000000"/>
                <normal y="0.000000" x="0.000000" z="1.000000"/>
                <texcoord u="0.999900" v="0.000100"/>
            </vertex>
            <vertex>
                <position y="0.050000" x="-0.050000" z="0.000000"/>
                <normal y="0.000000" x="0.000000" z="1.000000"/>
                <texcoord u="0.000100" v="0.000100"/>
            </vertex>
        </vertexbuffer>
    </sharedgeometry>
    <submeshes>
        <submesh material="Dojo" operationtype="triangle_list" use32bitindexes="False" usesharedvertices="true">
            <faces count="2">
                <face v2="1" v3="2" v1="0"/>
                <face v2="2" v3="3" v1="0"/>
            </faces>
        </submesh>
    </submeshes>
    <submeshnames>
        <submesh index="0" name="Dojo">
        </submesh>
    </submeshnames>
</mesh>